Query / Topic ,url,Information
"Identify the industry in which Canoo operates, along with its size, growth rate, trends, and key players",https://fortune.com/2022/08/29/canoo-ev-startup-scored-deal-worlds-largest-retailer/,"```JSON
{
  ""Industry"": ""Electric Vehicles"",
  ""Size"": ""Canoo has \""over $1 billion\"" in its sales pipeline."",
  ""Growth Rate"": ""NaN"",
  ""Trends"": ""The push for the use of electric vehicles in the U.S. is ramping up."",
  ""Key Players"": [
    ""Tesla"",
    ""Walmart"",
    ""Canoo"",
    ""Yorkville Advisors""
  ]
}
```"
"Identify the industry in which Canoo operates, along with its size, growth rate, trends, and key players",https://incfact.com/company/canoo-torrance-ca/,"{
 ""Industry"": ""NaN"",
 ""Size"": ""NaN"",
 ""Growth Rate"": ""NaN"",
 ""Trends"": ""NaN"",
 ""Key Players"": ""NaN""
}"
"Identify the industry in which Canoo operates, along with its size, growth rate, trends, and key players",https://www.industryweek.com/leadership/companies-executives/article/21263239/canoo-sticks-to-2023-production-target,"```JSON
{
  ""Industry"": ""Automotive; Electric Vehicle Manufacturing"",
  ""Size"": ""NaN"",
  ""Growth Rate"": ""NaN"",
  ""Trends"": ""NaN"",
  ""Key Players"": [
    ""Canoo"",
    ""Arrival"",
    ""BrightDrop""
  ]
}
```"
"Identify the industry in which Canoo operates, along with its size, growth rate, trends, and key players",https://www.canoo.com/about/,"``` JSON
{
  ""Industry"": {
    ""Name"": ""Automotive"",
    ""Type"": ""Electric Vehicle Manufacturing""
  },
  ""Size"": ""NaN"", 
  ""Growth Rate"": ""NaN"",
  ""Trends"": ""NaN"",
  ""Key Players"": ""NaN""
}
```"
"Identify the industry in which Canoo operates, along with its size, growth rate, trends, and key players",https://stockanalysis.com/stocks/goev/statistics/,"{
 ""Industry"": ""NaN"",
 ""Size"": ""NaN"",
 ""Growth Rate"": ""125.55%"",
 ""Trends"": ""NaN"",
 ""Key Players"": ""NaN""
}"
"Identify the industry in which Canoo operates, along with its size, growth rate, trends, and key players",https://www.fool.com/investing/2021/02/02/4-things-you-didnt-know-about-canoo/,"```JSON
{
  ""Industry"": ""Electric Vehicle (EV)"",
  ""Size"": ""NaN"",
  ""Growth Rate"": ""88% compound annual growth rate (CAGR)"",
  ""Trends"": [
    ""Subscription models for EV ownership""
  ],
  ""Key Players"": [
    ""Tesla"",
    ""Canoo"",
    ""Apple""
  ]
}
```"
"Identify the industry in which Canoo operates, along with its size, growth rate, trends, and key players",https://seekingalpha.com/article/4428915-canoo-changes-in-business-change-our-view,"{
""Industry"": ""NaN"",
""Company Size"": ""NaN"",
""Growth Rate"": ""NaN"",
""Trends"": ""NaN"",
""Key Players"": ""NaN""
}"
"Identify the industry in which Canoo operates, along with its size, growth rate, trends, and key players",https://www.motortrend.com/news/canoo-technology-advances-motors-batteries-manufacturing/,"{
 ""Industry"": ""Automotive"",
 ""Size"": ""NaN"",
 ""Growth Rate"": ""NaN"",
 ""Trends"": ""NaN"",
 ""Key Players"": ""NaN""
}"
"Identify the industry in which Canoo operates, along with its size, growth rate, trends, and key players",https://investors.canoo.com/news-presentations/press-releases/detail/51/canoo-adds-key-leadership-to-accelerate-growth,"{
 ""Industry"": ""Automotive"",
 ""Size"": ""NaN"",
 ""Growth Rate"": ""NaN"",
 ""Trends"": ""NaN"",
 ""Key Players"": ""Canoo, Solera Holdings Inc., Ernst & Young (EY), PricewaterhouseCoopers, Daimler AG""
}"
"Identify the industry in which Canoo operates, along with its size, growth rate, trends, and key players",https://www.reuters.com/business/autos-transportation/canoo-advances-manufacturing-dates-electric-vehicles-2021-11-15/,"``` JSON
{
  ""Industry"": ""Electric Vehicle Manufacturing"",
  ""Size"": ""NaN"",
  ""Growth Rate"": ""NaN"",
  ""Trends"": ""NaN"",
  ""Key Players"": ""NaN""
}
```"
"Analyze Canoo's main competitors, including their market share, products or services offered, pricing strategies, and marketing efforts",https://fortune.com/2022/08/29/canoo-ev-startup-scored-deal-worlds-largest-retailer/,"{
 ""competitors"": ""NaN"",
 ""market_share"": ""NaN"",
 ""products_or_services_offered"": ""Lifestyle Delivery Vehicle"",
 ""pricing_strategies"": ""NaN"",
 ""marketing_efforts"": ""NaN""
}"
"Analyze Canoo's main competitors, including their market share, products or services offered, pricing strategies, and marketing efforts",https://craft.co/canoo/competitors,"{
 ""Canoo Competitors"": [
  {
   ""Competitor Name"": ""Wheels"",
   ""Market Share"": ""1%"",
   ""Products or Services"": ""Shared electric mobility platform"",
   ""Pricing Strategies"": ""NaN"",
   ""Marketing Efforts"": ""NaN""
  },
  {
   ""Competitor Name"": ""SmartE"",
   ""Market Share"": ""NaN"",
   ""Products or Services"": ""Environmentally sustainable solution to first and last-mile transportation in urban cities"",
   ""Pricing Strategies"": ""NaN"",
   ""Marketing Efforts"": ""NaN""
  },
  {
   ""Competitor Name"": ""eBikeGo"",
   ""Market Share"": ""6%"",
   ""Products or Services"": ""Shared EV-based last-mile logistics and micro-mobility platform"",
   ""Pricing Strategies"": ""NaN"",
   ""Marketing Efforts"": ""NaN""
  },
  {
   ""Competitor Name"": ""Faraday Future"",
   ""Market Share"": ""116%"",
   ""Products or Services"": ""Intelligent mobility ecosystem focused on electric vehicles"",
   ""Pricing Strategies"": ""NaN"",
   ""Marketing Efforts"": ""NaN""
  }
 ]
}"
"Analyze Canoo's main competitors, including their market share, products or services offered, pricing strategies, and marketing efforts",https://incfact.com/company/canoo-torrance-ca/,"{
 ""Canoo's Main Competitors"": ""NaN""
}"
"Analyze Canoo's main competitors, including their market share, products or services offered, pricing strategies, and marketing efforts",https://seekingalpha.com/article/4428915-canoo-changes-in-business-change-our-view,"{
 ""Canoo's Main Competitors"": ""REE Automotive and Rivian Automotive"",
 ""REE's Market Share"": ""NaN"",
 ""REE's Products or Services Offered"": ""Electric vehicles, commercial vehicles, and autonomous driving technology."",
 ""REE's Pricing Strategies"": ""NaN"",
 ""REE's Marketing Efforts"": ""NaN"",
 ""Rivian's Market Share"": ""NaN"",
 ""Rivian's Products or Services Offered"": ""Electric vehicles, including the R1T pickup truck and the R1S SUV."",
 ""Rivian's Pricing Strategies"": ""NaN"",
 ""Rivian's Marketing Efforts"": ""NaN""
}"
"Analyze Canoo's main competitors, including their market share, products or services offered, pricing strategies, and marketing efforts",https://stockanalysis.com/stocks/goev/statistics/,"{
 ""main_competitors"": ""NaN"",
 ""market_share"": ""NaN"",
 ""products_or_services_offered"": ""NaN"",
 ""pricing_strategies"": ""NaN"",
 ""marketing_efforts"": ""NaN""
}"
"Analyze Canoo's main competitors, including their market share, products or services offered, pricing strategies, and marketing efforts",https://asana.com/resources/competitive-analysis-example,"{
 ""Canoo's Main Competitors"": ""NaN"",
 ""Market Share"": ""NaN"",
 ""Products or Services Offered"": ""NaN"",
 ""Pricing Strategies"": ""NaN"",
 ""Marketing Efforts"": ""NaN""
}"
"Analyze Canoo's main competitors, including their market share, products or services offered, pricing strategies, and marketing efforts",https://blog.hubspot.com/marketing/competitive-analysis-kit,"{
 ""Canoo's main competitors"": ""NaN"",
 ""Pricing strategies of Canoo's competitors"": ""NaN"",
 ""Marketing efforts of Canoo's competitors"": ""NaN""
}"
"Analyze Canoo's main competitors, including their market share, products or services offered, pricing strategies, and marketing efforts",https://www.coursera.org/articles/competitor-analysis,"{
 ""Canoo's Main Competitors"": ""NaN"",
 ""Market Share"": ""NaN"",
 ""Products or Services Offered"": ""NaN"",
 ""Pricing Strategies"": ""NaN"",
 ""Marketing Efforts"": ""NaN""
}"
"Analyze Canoo's main competitors, including their market share, products or services offered, pricing strategies, and marketing efforts",https://www.semrush.com/blog/competitive-analysis/,"```json
{
  ""competitors"": [
    {
      ""name"": ""NaN"",
      ""market_share"": ""NaN"",
      ""products_or_services_offered"": ""NaN"",
      ""pricing_strategies"": ""NaN"",
      ""marketing_efforts"": ""NaN""
    }
  ]
}
```"
"Analyze Canoo's main competitors, including their market share, products or services offered, pricing strategies, and marketing efforts",https://zapier.com/blog/competitive-market-analysis/,"{
  ""Canoo Analysis"": ""Canoo is not mentioned in the provided text.""
}"
"Identify key trends in the market, including changes in consumer behavior, technological advancements, and shifts in the competitive landscape",https://www.techtarget.com/searchCustomerExperience/feature/Marketing-trends-to-watch-for,"```json
{
  ""Key trends in the market"": {
    ""Consumer behavior"": [
      ""Shift to voice search optimization due to the rise of smart speakers and voice-activated devices"",
      ""Increased use of chatbots for customer service, product recommendations, appointment scheduling and lead qualification"",
      ""Increased adoption of personalized marketing to build stronger customer relationships and enhance customer satisfaction and loyalty"",
      ""Growing consumer consciousness around environmental impact and social issues, leading to the adoption of sustainable and ethical marketing practices""
    ],
    ""Technological advancements"": [
      ""AI and ML to streamline and personalize consumer experiences, automate repetitive tasks, analyze vast amounts of data for insights, and personalize the customer journey"",
      ""Advancements in natural language processing and AI to deliver more accurate and personalized responses in voice search"",
      ""VR and AR technology to transform customer engagement and provide immersive experiences, allowing consumers to experience products or services in a simulated environment before purchase""
    ],
    ""Competitive landscape"": [
      ""Social commerce platforms to transform the shopping journey into a seamless, convenient experience, enabling direct purchases within social media apps"",
      ""Influencer marketing to establish authentic connections with audiences and drive conversions through engaging video content and product showcases"",
      ""Adoption of big data and analytics to provide invaluable insights into customer behavior, preferences and trends, enabling businesses to anticipate market changes, predict customer behavior and adjust their marketing strategies accordingly""
    ]
  }
}
```"
"Identify key trends in the market, including changes in consumer behavior, technological advancements, and shifts in the competitive landscape",https://www.euromonitor.com/article/what-are-the-top-consumer-trends-in-2024,"```JSON
{
  ""key_trends"": [
    {
      ""trend"": ""Generative AI"",
      ""description"": ""Ongoing experimentation and shifting expectations of generative AI solutions. Consumers expect brands to create optimised and personalised customer experiences using this technology.""
    },
    {
      ""trend"": ""Delightful Distractions"",
      ""description"": ""A focus on finding daily doses of happiness and positivity through products, brand content, and immersive experiences. Consumers want to escape from reality and find joy and optimism.""
    },
    {
      ""trend"": ""Green Fatigue"",
      ""description"": ""Rising concerns about environmental issues, but a growing sense of discouragement and apathy due to the limited impact of individual actions. Consumers are looking for collective solutions from companies and governments.""
    },
    {
      ""trend"": ""Progressively Polarised"",
      ""description"": ""Social and political issues influencing purchase decisions. Some consumers buy products that reflect their values, while others focus on benefits or price. Brands need to carefully navigate this polarisation and align with the values of their target audience.""
    },
    {
      ""trend"": ""Budgeteers 2.0"",
      ""description"": ""An evolution of financial mindsets, with consumers being clever to get what they want. They find dupes, shop at stores with rewards perks, and use lifestyle tricks to make the most of their money.""
    },
    {
      ""trend"": ""Self-Care Simplified"",
      ""description"": ""A focus on convenient and effective self-care routines. Consumers are setting realistic goals and are open to trying new treatments or brands that deliver noticeable results.""
    }
  ],
  ""changes_in_consumer_behavior"": [
    ""Consumers expect brands to use generative AI to create optimised and personalised customer experiences."",
    ""Consumers are seeking daily doses of happiness and positivity through products and experiences."",
    ""Consumers are experiencing green fatigue and looking for collective solutions to environmental issues."",
    ""Consumers are making purchase decisions based on social and political values, but this trend is nuanced and complex."",
    ""Consumers are being clever with their spending, finding dupes and using rewards perks to get what they want."",
    ""Consumers are focusing on convenient and effective self-care routines that deliver noticeable results."",
  ],
  ""technological_advancements"": [
    ""Generative AI is becoming more sophisticated and is being used to create new products and experiences."",
    ""Ecommerce is providing consumers with more choice and convenience."",
    ""Artificial intelligence is being used to improve customer service and personalisation."",
  ],
  ""shifts_in_the_competitive_landscape"": [
    ""Brands need to adapt to changing consumer expectations and use generative AI to create differentiated experiences."",
    ""Companies need to address environmental concerns and work towards collective solutions."",
    ""Brands need to carefully navigate the polarisation of social and political issues."",
    ""Retailers need to innovate to meet the needs of budget-conscious consumers.""
  ]
}
```"
"Identify key trends in the market, including changes in consumer behavior, technological advancements, and shifts in the competitive landscape",https://explodingtopics.com/blog/consumer-behavior,"```JSON
{
  ""key_trends"": [
    {
      ""trend"": ""Changing consumer behavior"",
      ""evidence"": ""There's no question about it: consumer behavior is changing faster than ever before."",
      ""implications"": ""Businesses need to be aware of these changing trends and adapt their marketing and product offerings accordingly.""
    },
    {
      ""trend"": ""Technological advancements"",
      ""evidence"": ""As people increasingly shop online, they also expect a wide selection of different payment options from online retailers."",
      ""implications"": ""Businesses need to invest in the latest technologies to keep up with consumer demand.""
    },
    {
      ""trend"": ""Shifts in the competitive landscape"",
      ""evidence"": ""The plant delivery space is a great example of the \""everything delivered\"" trend."",
      ""implications"": ""Businesses need to be aware of the competitive landscape and make sure they are well-positioned to succeed.""
    }
  ]
}
```"
"Identify key trends in the market, including changes in consumer behavior, technological advancements, and shifts in the competitive landscape",https://www.mckinsey.com/industries/consumer-packaged-goods/our-insights/the-world-of-ands-consumers-set-the-tone,"```JSON
{
  ""Key trends in the market"": [
    {
      ""Consumer behavior"": [
        {
          ""Trading down and splurging"": ""Consumers are both trading down by buying cheaper brands or private-label products and splurging on purchases that are experiential or provide immediate gratification.""
        },
        {
          ""Omnichannel experience"": ""Consumers now use at least three channels for each purchase journey. While 75 percent of consumers want a seamless omnichannel experience, only 25 percent are satisfied with the experience that retailers provide.""
        },
        {
          ""Brand switching"": ""Consumers are also trying new brands: one in three consumers did so in the past three months. Gen Zers and millennials are especially susceptible to brand switching, as they are five times more likely than older generations to believe that newer brands are better or more innovative than established brands.""
        },
        {
          ""Sustainable products"": ""Consumers are gravitating toward sustainable products: 84 percent say that sustainability is a very important factor in their purchase decisions.""
        }
      ]
    },
    {
      ""Technological advancements"": [
        {
          ""Generative AI"": ""The economic potential of generative AI: The next productivity frontier""
        },
        {
          ""Payments industry"": ""The future of the payments industry: How managing risk can drive growth""
        },
        {
          ""Retail media networks"": ""Companies can also tap into B2B opportunities—an excellent example being the rise of retail media networks, which generate a significant amount of incremental revenue and operating margins as well as generating valuable new consumer insights.""
        }
      ]
    },
    {
      ""Shifts in the competitive landscape"": [
        {
          ""Market consolidation"": ""We expect further market consolidation, accelerated by the end of cheap capital.""
        },
        {
          ""Ecosystems"": ""Traditional sector barriers are falling; McKinsey research suggests that one-third of global GDP will soon come from ecosystems (which are networks or partnerships that cut across different industries).""
        }
      ]
    }
  ]
}
```"
"Identify key trends in the market, including changes in consumer behavior, technological advancements, and shifts in the competitive landscape",https://www.kadence.com/en-us/15-consumer-trends-to-watch-in-2024/,"```json
{
  ""Key Trends in the Market"": [
    {
      ""Trend"": ""Sustainable and Ethical Practices"",
      ""Analysis"": ""The push for sustainable and ethical practices has moved from a niche concern to a mainstream demand in a world increasingly conscious of its ecological footprint and societal impact. This paradigm shift is not just a moral awakening but a response to the growing evidence of climate change and social inequality.""
    },
    {
      ""Trend"": ""Personalization and Customization"",
      ""Analysis"": ""The era of one-size-fits-all is fading into obscurity as we witness the rise of personalization and customization in consumer preferences. Today’s consumers seek products and services that cater to their tastes, needs, and preferences.""
    },
    {
      ""Trend"": ""Digital and Augmented Experiences"",
      ""Analysis"": ""The lines between the physical and digital worlds continue to blur, giving rise to a new era of digital and augmented experiences. This trend, propelled by advancements in AR (Augmented Reality), VR (Virtual Reality), and AI (Artificial Intelligence), is reshaping the way consumers interact with the world around them.""
    },
    {
      ""Trend"": ""Health and Wellness"",
      ""Analysis"": ""The surge in consumer consciousness around health and wellness marks a pivotal shift in lifestyle choices and purchasing behavior. This trend, fueled by a growing awareness of the importance of physical and mental well-being, significantly influences various industry sectors.""
    },
    {
      ""Trend"": ""Convenience and Speed"",
      ""Analysis"": ""In an age where time is a precious commodity, the demand for convenience and speed has escalated to new heights, becoming a key determinant in consumer decision-making. This trend, driven by a fast-paced lifestyle and the digital revolution, is reshaping consumer expectations and industry practices across various sectors.""
    },
    {
      ""Trend"": ""Value-Driven Consumption"",
      ""Analysis"": ""The rise of value-driven consumption marks a significant shift in consumer behavior, emphasizing the importance of values and ethics in purchasing decisions. This trend reflects a growing consumer preference for brands and products that align with their personal beliefs and values, such as sustainability, social responsibility, and ethical practices.""
    },
    {
      ""Trend"": ""Social Media Influence"",
      ""Analysis"": ""The burgeoning impact of social media influence on consumer behavior and industry practices has been undeniable. This trend has grown exponentially in recent years, transforming how brands interact with consumers, particularly in sectors like Advertising, Media, and markets targeting Kids and Youth.""
    },
    {
      ""Trend"": ""Home-Centric Products and Services"",
      ""Analysis"": ""The shift towards home-centric products and services has been a defining trend, especially in the wake of global events that have reshaped our living and working habits. This trend, gaining momentum, significantly influences industries such as technology, telecommunications, and e-commerce.""
    },
    {
      ""Trend"": ""E-commerce Innovation"",
      ""Analysis"": ""E-commerce, a sector already at the forefront of digital transformation, is continuing to innovate at a rapid pace. These advancements significantly impact various industries, including B2B, CPG, and financial services, redefining how businesses and consumers interact in the digital marketplace.""
    },
    {
      ""Trend"": ""Inclusivity and Diversity"",
      ""Analysis"": ""The increasing focus on inclusivity and diversity represents a profound shift in consumer expectations and corporate practices, particularly influencing the advertising, media, and brands that appeal to kids and youth.""
    },
    {
      ""Trend"": ""Smart Technologies"",
      ""Analysis"": ""The proliferation of smart technologies is a trend reshaping multiple sectors, notably automotive, technology, and telecommunications.""
    },
    {
      ""Trend"": ""Evolution of Work Culture"",
      ""Analysis"": ""The evolving landscape of work culture, characterized by increasing flexibility, remote work, and a focus on employee well-being, is a significant trend impacting industries across the board, particularly B2B, telecommunications, and tech sectors.""
    },
    {
      ""Trend"": ""Privacy and Data Security"",
      ""Analysis"": ""The importance of privacy and data security cannot be overstated. This trend, critical for sectors like financial services, e-commerce, and tech, shapes consumer behavior and influences corporate policies.""
    },
    {
      ""Trend"": ""Experiences over Ownership"",
      ""Analysis"": ""The shift towards valuing experiences over ownership marks a significant change in consumer behavior. This trend reflects a deeper desire for meaningful and memorable engagements rather than material possessions.""
    },
    {
      ""Trend"": ""Localism"",
      ""Analysis"": ""Localism, the increasing preference for locally sourced and produced goods, is a trend that has seen significant growth and is particularly influential in the agriculture, food and beverage, and CPG industries.""
    }
  ]
}
```"
"Identify key trends in the market, including changes in consumer behavior, technological advancements, and shifts in the competitive landscape",https://www.forbes.com/sites/forbestechcouncil/2021/10/07/three-major-consumer-behavior-shifts-driving-the-future-of-customer-experiences/,"```JSON
{
    ""Key Trends in the Market"": {
        ""Changes in Consumer Behavior"": [
            ""Preference for personalization and digital-first interactions"",
            ""Increasing use of digital channels for customer service (e.g., live chat, chatbots)"",
            ""Shift towards curbside pickup as a popular option"",
            ""Increased awareness of social causes and desire to support businesses that are socially responsible"",
            ""Demand for accessibility features in e-commerce and other digital experiences""
        ],
        ""Technological Advancements"": [
            ""Digital-first customer service solutions as a new software category"",
            ""Omnichannel strategies that allow conversations to start anywhere and be brought into a more context-rich channel"",
            ""Experience orchestration to deliver a truly connected experience across digital channels"",
            ""Next-gen CX architecture that enables data and context sharing across business units and functions""
        ],
        ""Shifts in the Competitive Landscape"": [
            ""Importance of investing in digital channels and offering self-service options"",
            ""Need for streamlined customer experiences across all channels"",
            ""Companies that prioritize values and social responsibility may gain a competitive advantage""
        ]
    }
}
```"
"Identify key trends in the market, including changes in consumer behavior, technological advancements, and shifts in the competitive landscape",https://www.euromonitor.com/article/three-digital-shopping-trends-to-watch-in-2024,"``` JSON
{
  ""key_trends"": [
    {
      ""trend"": ""Digital shopping behavior"",
      ""description"": ""The rising influence of digital channels is putting pressure on companies to improve the online experience. This is becoming possible due to evolving data-gathering strategies and emerging technologies, from AR to IoT to generative AI."",
      ""examples"": [
        ""Generative AI can be leveraged in a variety of ways, from improving customer service to tailoring marketing messages to optimizing supply chains."",
        ""Virtual assistants powered by generative AI can create a more intuitive experience by using additional information sources for added context.""
      ]
    },
    {
      ""trend"": ""Technological advancements"",
      ""description"": ""New technologies like generative AI could give brands a competitive advantage. The pioneers who can create a next-generation shopping experience using these advances will be the ones that fuel a new shopping behavior and usher in the next so-called “Uber moment.”"",
      ""examples"": [
        ""TikTok and its Chinese sister platform, Douyin, are becoming increasingly popular, especially among young consumers."",
        ""ByteDance platforms are dabbling in retail, with Douyin seeing massive e-commerce gains in the beauty and personal care sector.""
      ]
    },
    {
      ""trend"": ""Shifts in the competitive landscape"",
      ""description"": ""Consumers have long wanted hassle-free returns, but delivering on that expectation has not been without challenges. The convergence of trends, like the rise of e-commerce, closure of stores by some retail chains and boost in sustainable strategies, is moving returns up the industry agenda."",
      ""examples"": [
        ""Retailers are deploying a variety of tactics to reduce returns or at least their impact on the bottom line."",
        ""More and more retailers are outsourcing the return experience to companies like Happy Returns or Loop Returns.""
      ]
    }
  ]
}
```"
"Identify key trends in the market, including changes in consumer behavior, technological advancements, and shifts in the competitive landscape",https://www.mckinsey.com/capabilities/growth-marketing-and-sales/our-insights/understanding-and-shaping-consumer-behavior-in-the-next-normal,"```json
{
  ""Key_trends_in_the_market"": [
    {
      ""Changes_in_consumer_behavior"": [
        {
          ""Example"": ""75 percent of consumers in the United States have tried a new store, brand, or different way of shopping during the pandemic."",
          ""Explanation"": ""Consumers are more willing to try new products, brands, and shopping methods due to the pandemic.""
        },
        {
          ""Example"": ""Approximately 15 percent of US consumers tried grocery delivery for the first time during the COVID-19 crisis."",
          ""Explanation"": ""New habits are being formed as consumers try new ways of shopping, such as grocery delivery.""
        },
        {
          ""Example"": ""55 percent who tried online fitness programs and 65 percent who tried digital exercise machines say they will continue to use them, even after fitness centers and gyms reopen."",
          ""Explanation"": ""Consumers are continuing to use new fitness methods, such as online fitness programs and digital exercise machines, even after traditional fitness options have become available again.""
        },
        {
          ""Example"": ""Spice manufacturer McCormick’s sales in China have sustained double-digit increases compared with 2019, even as the Chinese economy has reopened and people go back to their workplaces."",
          ""Explanation"": ""Consumers are continuing to cook at home, even as the pandemic subsides.""
        },
        {
          ""Example"": ""More consumers are keeping hand sanitizer and disinfecting wipes near entryways for easy access and as a reminder to keep hands and surfaces clean."",
          ""Explanation"": ""New habits are being formed around hygiene and cleanliness.""
        }
      ]
    },
    {
      ""Technological_advancements"": [
        {
          ""Example"": ""The US online fitness market has seen approximately 50 percent growth in its consumer base since February 2020; the market for digital home-exercise machines has grown by 20 percent."",
          ""Explanation"": ""The pandemic has accelerated the adoption of digital fitness technologies.""
        },
        {
          ""Example"": ""Digital data-gathering and monitoring techniques—such as mobile diaries, social-media “listening,” and artificial-intelligence-driven message boards—will be vital tools to help companies understand emerging behaviors and contextual cues."",
          ""Explanation"": ""Companies are increasingly using digital tools to understand consumer behavior.""
        }
      ]
    },
    {
      ""Shifts_in_the_competitive_landscape"": [
        {
          ""Example"": ""The heightened emotions and increased polarization of the past few months could drive lasting changes in consumers’ behavior and shape their long-term preferences."",
          ""Explanation"": ""The pandemic has led to increased emotional intensity and polarization, which could have a long-term impact on consumer behavior.""
        },
        {
          ""Example"": ""Companies should ensure that all their brand communications are attuned to consumer sentiment."",
          ""Explanation"": ""Companies need to be mindful of the emotional state of consumers when communicating with them.""
        },
        {
          ""Example"": ""Consumers will see through—and reject—messages and actions that are performative and that seek to commercialize social issues."",
          ""Explanation"": ""Consumers are increasingly rejecting inauthentic and self-serving marketing messages.""
        },
        {
          ""Example"": ""Companies that develop a nuanced understanding of the changed beliefs, peak moments, and habits of their target consumer bases—and adjust their product offerings, customer experiences, and marketing communications accordingly—will be best positioned to thrive in the next normal."",
          ""Explanation"": ""Companies that can adapt to the changing needs of consumers will be more successful in the post-pandemic world.""
        }
      ]
    }
  ]
}
```"
"Identify key trends in the market, including changes in consumer behavior, technological advancements, and shifts in the competitive landscape",https://www.forbes.com/sites/forrester/2022/11/03/how-will-consumer-behavior-change-in-2023/,"{
 ""key_trends"": [
  {
   ""consumer_behavior"": [
    ""Consumers will gravitate toward blended experiences."",
    ""Less will be more, and quality will trump quantity.""
   ]
  },
  {
   ""technological_advancements"": [
    ""Moviegoers will rush back to theaters to see the next “Avatar” while ordering their popcorn with QR codes.""
   ]
  },
  {
   ""competitive_landscape"": [
    ""Consumers will be highly selective about which brands and experiences to patronize.""
   ]
  }
 ]
}"
"Identify key trends in the market, including changes in consumer behavior, technological advancements, and shifts in the competitive landscape",https://www.mckinsey.com/capabilities/growth-marketing-and-sales/our-insights/the-great-consumer-shift-ten-charts-that-show-how-us-shopping-behavior-is-changing,"```JSON
{
  ""Key trends in the market"": [
    {
      ""Consumer behavior"": [
        ""Increased online shopping, especially in essentials and home-entertainment categories"",
        ""Shifting brand loyalties, with consumers trying new product brands and private-label brands"",
        ""Focus on value, with consumers trading down to essentials and value brands"",
        ""Increased use of contactless activities, such as food and grocery delivery and curbside pickup"",
        ""Reduced spending in general, with consumers expecting to continue to cut back on nonessentials""
      ]
    },
    {
      ""Technological advancements"": [
        ""Increased use of online platforms for shopping, entertainment, and fitness"",
        ""Adoption of contactless technologies, such as self-checkout and curbside pickup""
      ]
    },
    {
      ""Shifts in the competitive landscape"": [
        ""Growth of big, trusted brands and private labels"",
        ""Increased competition in the online shopping market"",
        ""Need for retailers to adjust their strategies and execution to adapt to the new norms""
      ]
    }
  ]
}
```"
"Gather information on Canoo's financial performance, including its revenue, profit margins, return on  investment, and expense structure",https://investors.canoo.com/news-presentations/press-releases/detail/78/canoo-inc-announces-fourth-quarter-and-fiscal-year-2021,"{
 ""Revenue"": null,
 ""ProfitMargin"": null,
 ""ReturnOnInvestment"": null,
 ""ExpenseStructure"": null
}"
"Gather information on Canoo's financial performance, including its revenue, profit margins, return on  investment, and expense structure",https://investors.canoo.com/news-presentations/press-releases/detail/70/canoo-inc-announces-third-quarter-2021-results,"{
 ""Canoo's Financial Performance"": {
  ""Revenue"": ""$2,550 thousand"",
  ""Profit Margin"": ""NaN"",
  ""Return on Investment"": ""NaN"",
  ""Expense Structure"": ""NaN""
 }
}"
"Gather information on Canoo's financial performance, including its revenue, profit margins, return on  investment, and expense structure",https://investors.canoo.com/financial-information,"{
 ""Revenue"": ""NaN"",
 ""Profit Margin"": ""NaN"",
 ""Return on Investment"": ""NaN"",
 ""Expense Structure"": ""NaN""
}"
"Gather information on Canoo's financial performance, including its revenue, profit margins, return on  investment, and expense structure",https://www.prnewswire.com/news-releases/canoo-inc-announces-fourth-quarter-and-fiscal-year-2021-results-301492051.html,"```json
{
  ""Revenue"": ""$2,550"",
  ""Profit Margin"": null,
  ""Return on Investment"": null,
  ""Expense Structure"": null
}
```"
"Gather information on Canoo's financial performance, including its revenue, profit margins, return on  investment, and expense structure",https://www.press.canoo.com/press-release/canoo-inc-announces-first-quarter-2022-results,"```json
{
  ""Canoo's Financial Performance"": {
    ""Revenue"": ""NaN"",
    ""Profit Margin"": ""NaN"",
    ""Return on Investment"": ""NaN"",
    ""Expense Structure"": ""NaN""
  }
}
```"
"Gather information on Canoo's financial performance, including its revenue, profit margins, return on  investment, and expense structure",https://investors.canoo.com/news-presentations/press-releases/detail/117/canoo-inc-announces-third-quarter-2023-results,"```json
{
  ""Revenue"": ""$519"",
  ""Profit Margin"": null,
  ""Return on Investment"": null,
  ""Expense Structure"": null
}
```"
"Gather information on Canoo's financial performance, including its revenue, profit margins, return on  investment, and expense structure",https://www.wsj.com/market-data/quotes/GOEV/financials,"{
 ""revenue"": ""NaN"",
 ""profit_margins"": ""NaN"",
 ""return_on_investment"": ""NaN"",
 ""expense_structure"": ""NaN""
}"
"Gather information on Canoo's financial performance, including its revenue, profit margins, return on  investment, and expense structure",https://www.prnewswire.com/news-releases/canoo-inc-announces-fourth-quarter-and-fiscal-year-2022-financial-results-301786485.html,"```json
{
  ""Revenue"": null,
  ""Profit Margin"": null,
  ""Return on Investment"": null,
  ""Expense Structure"": null
}
```"
"Gather information on Canoo's financial performance, including its revenue, profit margins, return on  investment, and expense structure",https://www.press.canoo.com/press-release/canoo-inc-announces-second-quarter-2023-results,"```JSON
{
  ""Revenue"": ""NaN"",
  ""ProfitMargin"": ""NaN"",
  ""ReturnOnInvestment"": ""NaN"",
  ""ExpenseStructure"": ""NaN""
}
```"
"Gather information on Canoo's financial performance, including its revenue, profit margins, return on  investment, and expense structure",https://www.press.canoo.com/press-release/canoo-inc-announces-third-quarter-2023-results,"```JSON
{
  ""Revenue"": ""NaN"",
  ""ProfitMargin"": ""NaN"",
  ""ReturnOnInvestment"": ""NaN"",
  ""ExpenseStructure"": ""NaN""
}
```"
